code,description,is_valid_billable,category,inclusion_terms,exclusion_terms,synonyms
I50.21,Acute systolic heart failure,1,I50,"Acute congestive heart failure with systolic dysfunction; Acute systolic ventricular failure","Combined systolic and diastolic heart failure (I50.4-)","acute systolic HF; acute decompensated systolic heart failure; HFrEF acute; acute systolic cardiac failure"
I50.22,Chronic systolic heart failure,1,I50,"Chronic congestive heart failure with systolic dysfunction","Combined systolic and diastolic heart failure (I50.4-)","chronic systolic HF; compensated systolic heart failure; chronic HFrEF"
I50.23,Acute on chronic systolic heart failure,1,I50,"Acute exacerbation of chronic systolic congestive heart failure","Combined systolic and diastolic heart failure (I50.4-)","acute on chronic systolic HF; acute decompensation of chronic HFrEF; acute exacerbation of chronic systolic heart failure"
I50.31,Acute diastolic heart failure,1,I50,"Acute congestive heart failure with diastolic dysfunction; Acute diastolic ventricular failure","Combined systolic and diastolic heart failure (I50.4-)","acute diastolic HF; HFpEF acute; acute decompensated diastolic heart failure"
I50.32,Chronic diastolic heart failure,1,I50,"Chronic congestive heart failure with diastolic dysfunction","Combined systolic and diastolic heart failure (I50.4-)","chronic diastolic HF; HFpEF chronic; chronic diastolic heart failure"
I50.33,Acute on chronic diastolic heart failure,1,I50,"Acute exacerbation of chronic diastolic congestive heart failure","Combined systolic and diastolic heart failure (I50.4-)","acute on chronic diastolic HF; acute exacerbation of HFpEF"
I50.9,Heart failure unspecified,1,I50,"Congestive heart failure NOS; Cardiac, heart or myocardial failure NOS","Neonatal cardiac failure (P29.0)","HF; CHF; heart failure; congestive heart failure; cardiac decompensation"
I50,Heart failure category header,0,I50,"Heart failure categories and definitions","","heart failure parent category"
E11.9,Type 2 diabetes mellitus without complications,1,E11,"Diabetes mellitus type 2 NOS; Non-insulin-dependent diabetes NOS","Gestational diabetes (O24.4-); Type 1 diabetes mellitus (E10.-)","T2DM; DM2; type 2 diabetes; diabetes type II; non-insulin dependent diabetes"
E11.65,Type 2 diabetes mellitus with hyperglycemia,1,E11,"Type 2 diabetes mellitus with poor glycemic control","","T2DM with hyperglycemia; uncontrolled type 2 diabetes; elevated blood sugar in T2DM"
E11.21,Type 2 diabetes mellitus with diabetic nephropathy,1,E11,"Type 2 diabetes mellitus with intercapillary glomerulosclerosis","","diabetic kidney disease type 2; diabetic nephropathy; T2DM nephropathy"
I10,Essential primary hypertension,1,I10,"High blood pressure; Arterial hypertension","Hypertensive heart disease (I11.-); Hypertensive renal disease (I12.-)","HTN; primary hypertension; high blood pressure; arterial HTN; essential HTN"
N18.3,Chronic kidney disease stage 3,1,N18,"Moderate chronic kidney disease; CKD stage 3","Acute kidney failure (N17.-)","CKD 3; CKD stage III; stage 3 chronic kidney disease; moderate renal impairment"
N18.4,Chronic kidney disease stage 4,1,N18,"Severe chronic kidney disease; CKD stage 4","Acute kidney failure (N17.-)","CKD 4; CKD stage IV; severe chronic kidney disease; severe renal insufficiency"
N18.9,Chronic kidney disease unspecified,1,N18,"Chronic renal disease; Chronic renal failure NOS","Acute kidney failure (N17.-)","CKD; chronic kidney disease; chronic renal disease; chronic kidney failure"
N17.9,Acute kidney injury unspecified,1,N17,"Acute renal failure NOS; Acute kidney injury NOS","Chronic kidney disease (N18.-)","AKI; acute kidney injury; acute renal failure; ARF; renal insufficiency acute"
I48.0,Paroxysmal atrial fibrillation,1,I48,"Paroxysmal AF","","paroxysmal AFib; intermittent atrial fibrillation; paroxysmal AF"
I48.91,Unspecified atrial fibrillation,1,I48,"Atrial fibrillation NOS; Auricular fibrillation","","AFib; AF; atrial fibrillation; auricular fibrillation"
J18.9,Pneumonia unspecified organism,1,J18,"Pneumonia NOS","Aspiration pneumonia (J69.0); Viral pneumonia (J12.-)","PNA; pneumonia; lung infection; community acquired pneumonia NOS; CAP"
J44.1,Chronic obstructive pulmonary disease with acute exacerbation,1,J44,"Decompensated COPD; COPD with acute exacerbation","","acute COPD exacerbation; AECOPD; acute exacerbation of chronic obstructive bronchitis"
J44.9,Chronic obstructive pulmonary disease unspecified,1,J44,"Chronic obstructive pulmonary disease NOS; Chronic bronchitis NOS","Asthma (J45.-)","COPD; chronic obstructive lung disease; COLD"
A41.9,Sepsis unspecified organism,1,A41,"Septicemia NOS; Sepsis NOS","Severe sepsis (R65.2-); Septic shock (R65.21)","sepsis; blood poisoning; septicemia; systemic infection"
K21.9,Gastro-esophageal reflux disease without esophagitis,1,K21,"Acid reflux; GERD NOS","","GERD; gastroesophageal reflux; acid reflux; reflux esophagitis"
I21.9,Acute myocardial infarction unspecified,1,I21,"Heart attack NOS; Myocardial infarction NOS","Subsequent myocardial infarction (I22.-)","MI; AMI; acute MI; acute myocardial infarction; heart attack"
I21.09,ST elevation myocardial infarction involving anterior wall,1,I21,"Transmural anterior myocardial infarction","","anterior STEMI; STEMI anterior wall; acute anterior MI"
